Protocol	acq	task	rec	ce	dir	part	folder	Manufacturer	ManufacturerModelName	ScanningSequence	SequenceVariant	ScanOptions	SequenceName	ImageType	AngioFlag	MagneticFieldStrength	RepetitionTime	InversionTime	FlipAngle	EchoTime	NumberOfAverages	RawImage	DerivedVendorReportedEchoSpacing	EffectiveEchoSpacing	TotalReadoutTime	SeriesDescription
dwi	bvalue						dwi	"[""GE MEDICAL SYSTEMS""]"	"[""Signa HDxt"", ""SIGNA EXCITE"", ""SIGNA Architect"", ""Optima MR450w""]"	"[[""EP"", ""SE"", ""IR""], [""EP"", ""SE""]]"	"[""NONE""]"	"[[""EPI_GEMS"", ""FILTERED_GEMS"", ""ACC_GEMS""], [""SAT_GEMS"", ""EPI_GEMS"", ""PFF"", ""SP""], [""SAT_GEMS"", ""EPI_GEMS"", ""ACC_GEMS"", ""PFF"", ""SP"", ""FS""], [""EPI_GEMS"", ""ACC_GEMS"", ""PFF""], [""EPI_GEMS"", ""FILTERED_GEMS"", ""ACC_GEMS"", ""PFF""], [""SAT_GEMS"", ""EPI_GEMS"", ""ACC_GEMS"", ""PFF"", ""FS"", ""IR_GEMS""], [""SAT_GEMS"", ""EPI_GEMS"", ""FILTERED_GEMS"", ""ACC_GEMS"", ""PFF"", ""SP"", ""FS"", ""IR_GEMS""], [""VB_GEMS"", ""EPI_GEMS"", ""PFF""], [""SAT_GEMS"", ""EPI_GEMS"", ""ACC_GEMS"", ""SP""], [""EPI_GEMS"", ""FILTERED_GEMS"", ""PFF""], [""EPI_GEMS"", ""PFF""], [""SAT_GEMS"", ""EPI_GEMS"", ""ACC_GEMS"", ""PFF"", ""SP"", ""FS"", ""IR_GEMS""], [""SAT_GEMS"", ""EPI_GEMS"", ""FILTERED_GEMS"", ""ACC_GEMS"", ""SP""], [""SAT_GEMS"", ""EPI_GEMS"", ""ACC_GEMS"", ""PFF"", ""FS""], [""SAT_GEMS"", ""EPI_GEMS"", ""ACC_GEMS"", ""PFF"", ""SP""], [""EPI_GEMS"", ""ACC_GEMS""], [""SAT_GEMS"", ""EPI_GEMS"", ""FILTERED_GEMS"", ""ACC_GEMS"", ""PFF"", ""SP""]]"	[-1]	"[[""DERIVED"", ""PRIMARY"", ""DIFFUSION"", ""DIFFUSION""], [""ORIGINAL"", ""PRIMARY"", ""OTHER""]]"	"[""N""]"	[1.5, 3.0]	[2000.0, 14632.0]	[0.0, 190.0]	[78.0, 90.0]	[65.7, 119.0]	[1.0, 16.0]	[-1, -1]	[-1, -1]	[-1, -1]	[-1, -1]	"[""DWI b800"", ""Ax DWI B50-800 Pelvis"", ""Ax DWI Focus b2000"", ""Ax DWI b1000"", ""DW_Synthetic: AXI PELVIS DWI B50-800"", ""Ax DWI B1000"", ""ax dif  b1400"", ""DWI b1500"", ""Ax DWI b150-800 PELVIS"", ""AX DWI B600 PELVIS"", ""Ax DWI B800 PELVIS"", ""Ax DWI B1400"", ""Ax DWI b500"", ""ax dif  b1000"", ""ax DWI b2000"", ""Ax DWI b1500"", ""Ax DWI b2000 O123"", ""Ax DWI b800 RECTO GEL"", ""Ax DWI b50-800 PELVIS"", ""ax dif  b1500 VMS"", ""ax dif b1000"", ""ax dif  b1500 fov 40"", ""Ax DWI b800 DIN IR"", ""AX DWI B800 PELVIS 24CORTES"", ""AX DWI B800"", ""AX DWI B600"", ""Ax DWI b800"", ""AX DWI B2000"", ""Ax DWI b1400"", ""DW_Synthetic: Ax DWI B50-800 Pelvis"", ""DW_Synthetic: Ax DWI B800 PELVIS"", ""Ax DWI b2000"", ""Ax DWI b600"", ""ax dif  b1500 FOV 38"", ""AX DWI B1000 PELVIS 24CORTES"", ""AX DWI B1000 PELVIS"", ""ax dif b1800"", ""AXI PELVIS DWI B50-800"", ""ax dif  b1500"", ""AX DWI B1000"", ""Ax DWI b800."", ""ax dif b1500""]"
dwi	bvalue						dwi	"[""Siemens""]"	"[""MAGNETOM Vida""]"	"[[""GR"", ""EP""]]"	"[""SK""]"	"[[""CG"", ""RG"", ""FS"", ""PER""], [""SP"", ""CG"", ""RG"", ""FS"", ""PER""]]"	"[""*ep_calc_b1500"", ""*re_calc_b2000"", ""*re_b50_1400"", ""*ep_b50_800"", ""*re_b50_1200""]"	"[[""DERIVED"", ""PRIMARY"", ""DIFFUSION"", ""CALC_BVALUE"", ""TRACEW"", ""NORM"", ""DIS2D"", ""BS"", ""MFSPLIT""], [""DERIVED"", ""PRIMARY"", ""DIFFUSION"", ""ADC"", ""NORM"", ""DIS2D"", ""DFC"", ""MIX"", ""MFSPLIT""], [""DERIVED"", ""PRIMARY"", ""DIFFUSION"", ""CALC_BVALUE"", ""TRACEW"", ""NORM"", ""DIS2D"", ""DFC"", ""MIX"", ""MFSPLIT""], [""DERIVED"", ""PRIMARY"", ""DIFFUSION"", ""ADC"", ""NORM"", ""DIS2D"", ""MFSPLIT""], [""DERIVED"", ""PRIMARY"", ""DIFFUSION"", ""ADC"", ""NORM"", ""DIS2D"", ""BS"", ""MFSPLIT""], [""DERIVED"", ""PRIMARY"", ""DIFFUSION"", ""CALC_BVALUE"", ""TRACEW"", ""NORM"", ""DIS2D"", ""MFSPLIT""]]"	"[""N""]"	[3.0, 3.0]	[5180.0, 9300.0]	[-1, -1]	[90.0, 180.0]	[53.0, 64.18]	[2.0, 6.0]	[-1, -1]	[-1, -1]	[-1, -1]	[-1, -1]	"[""resolve_diff_b50_1400_tra_p2 GASES_CALC_BVAL"", ""resolve_diff_b50_1400_tra_p2_CALC_BVAL"", ""AX DIF GANGLIOS HASTA RI\u00d1ON b50_800_CALC 1500_CALC_BVAL"", ""AX DIF GANGLIOS HASTA RI\u00d1ON b50_800_CALC 1500_ADC"", ""resolve_diff_b50_1400_tra_p2_ADC"", ""resolve_diff_b50_1400_tra_p2 GASES_ADC""]"
dwi	bvalue						dwi	"[""Philips""]"	"[""Ingenia CX"", ""Ingenia""]"	"[""RM"", ""SE""]"	"[""SK""]"	"[""FS""]"	[-1]	"[[""ORIGINAL"", ""PRIMARY"", ""M_SE"", ""M"", ""SE""], [""ORIGINAL"", ""PRIMARY"", ""ADC_UNSPECIFIED"", ""ADC"", ""UNSPECIFIED""]]"	[-1]	[1.5, 1.5]	[6585.13818359375, 10316.5419921875]	[-1, -1]	[90.0, 90.0]	[86.61, 112.339]	[1.0, 6.0]	[-1, -1]	[-1, -1]	[-1, -1]	[-1, -1]	"[""Reg - DWI_SPAIR_b2000"", ""dmapa DWI_EPI_SPAIR_TRA B2000"", ""Reg - DWI_EPI_SPAIR_TRA B2000"", ""dmapa 2 DWI_EPI_SPAIR_TRA B2000"", ""DWI_EPI_SPAIR_TRA B2000""]"
dwi	bvalue						dwi	"[""Siemens HealthCare GmbH""]"	"[""MAGNETOM Vida""]"	"[[""GR"", ""EP""]]"	"[""SK""]"	"[[""SP"", ""FS"", ""PER""]]"	"[""*re_b50_1400"", ""*re_calc_b2000""]"	"[[""DERIVED"", ""PRIMARY"", ""DIFFUSION"", ""CALC_BVALUE"", ""TRACEW"", ""NORM"", ""DIS2D"", ""MFSPLIT""], [""DERIVED"", ""PRIMARY"", ""DIFFUSION"", ""ADC"", ""NORM"", ""DIS2D"", ""MFSPLIT""]]"	"[""N""]"	[3.0, 3.0]	[3060.0, 6630.0]	[-1, -1]	[180.0, 180.0]	[58.0, 58.0]	[3.0, 4.0]	[-1, -1]	[-1, -1]	[-1, -1]	[-1, -1]	"[""resolve_diff_b50_1400_tra_p2_CALC_BVAL"", ""resolve_diff_b50_1400_tra_p2_ADC""]"
dwi	adc						dwi	"[""GE MEDICAL SYSTEMS""]"	"[""OPTIMA MR360"", ""SIGNA Architect"", ""Signa HDxt"", ""SIGNA Explorer"", ""SIGNA EXCITE"", ""Signa"", ""Signa Voyager"", ""Optima MR450w""]"	"[[""EP"", ""SE"", ""IR""], [""EP"", ""SE""]]"	"[""NONE""]"	"[[""SAT_GEMS"", ""EPI_GEMS"", ""PFF"", ""SP""], [""EPI_GEMS"", ""ACC_GEMS"", ""PFF""], [""SAT_GEMS"", ""EPI_GEMS"", ""ACC_GEMS"", ""SP""], [""SAT_GEMS"", ""EPI_GEMS"", ""PFF"", ""FS""], [""SAT_GEMS"", ""EDR_GEMS"", ""EPI_GEMS"", ""PFF"", ""SP"", ""FS""], [""EPI_GEMS"", ""PFF""], [""SAT_GEMS"", ""EPI_GEMS"", ""ACC_GEMS"", ""PFF"", ""SP"", ""FS"", ""IR_GEMS""], [""EDR_GEMS"", ""EPI_GEMS"", ""RTR_GEMS"", ""PFF""], [""EPI_GEMS"", ""FILTERED_GEMS"", ""ACC_GEMS""], [""EPI_GEMS"", ""FILTERED_GEMS"", ""ACC_GEMS"", ""PFF""], [""SAT_GEMS"", ""EPI_GEMS"", ""FILTERED_GEMS"", ""PFF"", ""FS""], [""EPI_GEMS"", ""FILTERED_GEMS"", ""PFF""], [""SAT_GEMS"", ""EDR_GEMS"", ""EPI_GEMS"", ""PFF"", ""SP""], [""SAT_GEMS"", ""EPI_GEMS"", ""FILTERED_GEMS"", ""ACC_GEMS"", ""PFF"", ""SP""], [""SAT_GEMS"", ""EPI_GEMS"", ""ACC_GEMS"", ""PFF"", ""SP""], [""SAT_GEMS"", ""EPI_GEMS"", ""ACC_GEMS"", ""PFF"", ""SP"", ""FS""], [""SAT_GEMS"", ""EPI_GEMS"", ""PFF"", ""SP"", ""FS""], [""EPI_GEMS"", ""ACC_GEMS""], [""VB_GEMS"", ""EPI_GEMS"", ""PFF""]]"	[-1]	"[[""DERIVED"", ""PRIMARY"", ""EADC"", ""EADC""], [""DERIVED"", ""PRIMARY"", ""DIFFUSION"", ""ADC""], [""DERIVED"", ""PRIMARY"", ""ADC"", ""ADC""], [""DERIVED"", ""SECONDARY"", ""PROCESSED""]]"	"[-1, ""N""]"	[1.5, 3.0]	[1300.0, 14632.0]	[0.0, 190.0]	[90.0, 90.0]	[63.6, 119.3]	[1.0, 16.0]	[-1, -1]	[-1, -1]	[-1, -1]	[-1, -1]
dwi	adc						dwi	"[""SIEMENS""]"	"[""Aera""]"	"[""EP""]"	"[[""SK"", ""SP"", ""OSP""]]"	"[[""PFP"", ""SAT2"", ""SFS""]]"	"[""*ep_b50_1400""]"	"[[""DERIVED"", ""PRIMARY"", ""DIFFUSION"", ""ADC"", ""DIS2D""]]"	"[""N""]"	[1.5, 1.5]	[5200.0, 5200.0]	[-1, -1]	[90.0, 90.0]	[70.0, 70.0]	[12.0, 12.0]	[-1, -1]	[-1, -1]	[-1, -1]	[-1, -1]
dwi	adc						dwi	"[""Siemens""]"	"[""MAGNETOM Vida""]"	"[[""GR"", ""EP""]]"	"[""SK""]"	"[[""CG"", ""RG"", ""FS"", ""PER""], [""SP"", ""CG"", ""RG"", ""FS"", ""PER""]]"	"[""*ep_b50_800"", ""*ep_b50_1400""]"	"[[""DERIVED"", ""PRIMARY"", ""DIFFUSION"", ""ADC"", ""DIS2D"", ""DFC"", ""MFSPLIT""], [""DERIVED"", ""PRIMARY"", ""DIFFUSION"", ""ADC"", ""NORM"", ""DIS2D"", ""DFC"", ""MIX"", ""MFSPLIT""], [""DERIVED"", ""PRIMARY"", ""DIFFUSION"", ""ADC"", ""DIS2D"", ""DFC"", ""MIX"", ""MFSPLIT""]]"	"[""N""]"	[3.0, 3.0]	[4600.0, 8900.0]	[-1, -1]	[90.0, 90.0]	[55.0, 123.0]	[3.0, 14.0]	[-1, -1]	[-1, -1]	[-1, -1]	[-1, -1]
dwi	adc						dwi	"[""Philips Medical Systems""]"	"[-1, ""Achieva"", ""Multiva"", ""Achieva dStream"", ""Panorama HFO"", ""Intera""]"	"[-1, ""RM""]"	"[-1, ""SK""]"	"[""FS"", -1]"	[-1]	"[-1, [""ORIGINAL"", ""PRIMARY"", ""EADC"", ""EADC"", ""UNSPECIFIED""], [""ORIGINAL"", ""PRIMARY"", ""ADC"", ""ADC"", ""UNSPECIFIED""], [""DERIVED"", ""SECONDARY""], [""ORIGINAL"", ""PRIMARY"", ""ADC_UNSPECIFIED"", ""ADC"", ""UNSPECIFIED""]]"	[-1]	[1.0, 3.0]	[1348.12915039062, 15429.392578125]	[-1, -1]	[90.0, 90.0]	[64.672, 93.694]	[3.0, 10.0]	[-1, -1]	[-1, -1]	[-1, -1]	[-1, -1]
dwi	adc						dwi	"[""Philips""]"	"[-1, ""Ingenia CX"", ""Ingenia"", ""Multiva"", ""Prodiva CS""]"	"[-1, ""RM""]"	"[-1, ""SK""]"	"[""FS"", -1]"	[-1]	"[[""DERIVED"", ""SECONDARY""], [""ORIGINAL"", ""PRIMARY"", ""ADC_UNSPECIFIED"", ""ADC"", ""UNSPECIFIED""]]"	[-1]	[1.5, 1.5]	[3246.17114257812, 10316.5419921875]	[-1, -1]	[90.0, 90.0]	[77.689, 113.505]	[1.0, 6.0]	[-1, -1]	[-1, -1]	[-1, -1]	[-1, -1]
stir	fse						anat	"[""GE MEDICAL SYSTEMS""]"	"[""OPTIMA MR360"", ""Signa HDxt"", ""SIGNA EXCITE"", ""SIGNA Explorer"", ""Signa Voyager""]"	"[""RM"", ""SE"", ""IR""]"	"[""NONE"", ""SK"", [""SK"", ""OSP""], ""OSP""]"	"[[""FC_FREQ_AX_GEMS"", ""FC"", ""VB_GEMS"", ""EDR_GEMS"", ""SEQ_GEMS"", ""TRF_GEMS""], [""FC_SLICE_AX_GEMS"", ""FC"", ""EDR_GEMS"", ""SEQ_GEMS"", ""TRF_GEMS"", ""ACC_GEMS""], [""FC_FREQ_AX_GEMS"", ""FC"", ""EDR_GEMS"", ""SEQ_GEMS"", ""TRF_GEMS"", ""ACC_GEMS""], [""FC_FREQ_AX_GEMS"", ""FC"", ""SAT_GEMS"", ""NPW"", ""EDR_GEMS"", ""SEQ_GEMS"", ""TRF_GEMS"", ""ACC_GEMS"", ""SP"", ""MRF_GEMS"", ""FSI_GEMS""], [""FC_FREQ_AX_GEMS"", ""FC"", ""EDR_GEMS"", ""SEQ_GEMS"", ""TRF_GEMS"", ""FILTERED_GEMS"", ""ACC_GEMS""], [""NPW"", ""EDR_GEMS"", ""SEQ_GEMS"", ""TRF_GEMS"", ""FILTERED_GEMS"", ""ACC_GEMS"", ""FSR_GEMS""], [""FC_FREQ_AX_GEMS"", ""FC"", ""NPW"", ""EDR_GEMS"", ""SEQ_GEMS"", ""TRF_GEMS"", ""FILTERED_GEMS""], [""FC_FREQ_AX_GEMS"", ""FC"", ""SAT_GEMS"", ""NPW"", ""VB_GEMS"", ""SEQ_GEMS"", ""TRF_GEMS"", ""SP""], [""NPW"", ""VB_GEMS"", ""SEQ_GEMS""], [""FC_FREQ_AX_GEMS"", ""FC"", ""EDR_GEMS"", ""SEQ_GEMS"", ""TRF_GEMS"", ""FILTERED_GEMS""], [""FC_FREQ_AX_GEMS"", ""FC"", ""EDR_GEMS"", ""SEQ_GEMS"", ""TRF_GEMS""], [""NPW"", ""VB_GEMS"", ""SEQ_GEMS"", ""TRF_GEMS""], [""SAT_GEMS"", ""NPW"", ""VB_GEMS"", ""EDR_GEMS"", ""SEQ_GEMS"", ""TRF_GEMS"", ""FILTERED_GEMS"", ""SP""], [""FAST_GEMS"", ""SAT_GEMS"", ""EDR_GEMS"", ""SEQ_GEMS"", ""TRF_GEMS"", ""FILTERED_GEMS"", ""SP""], [""FC_FREQ_AX_GEMS"", ""FC"", ""SAT_GEMS"", ""EDR_GEMS"", ""SEQ_GEMS"", ""TRF_GEMS"", ""ACC_GEMS"", ""SP""], [""VB_GEMS"", ""SEQ_GEMS""], [""FAST_GEMS"", ""NPW"", ""EDR_GEMS"", ""SEQ_GEMS"", ""TRF_GEMS"", ""ARTM_GEMS"", ""ACC_GEMS"", ""FSI_GEMS"", ""IR_GEMS""], [""FC_FREQ_AX_GEMS"", ""FC"", ""SAT_GEMS"", ""EDR_GEMS"", ""SEQ_GEMS"", ""TRF_GEMS"", ""FILTERED_GEMS"", ""ACC_GEMS"", ""SP""], [""FC_FREQ_AX_GEMS"", ""FC"", ""SAT_GEMS"", ""SEQ_GEMS"", ""TRF_GEMS"", ""SP""]]"	[-1]	"[[""ORIGINAL"", ""PRIMARY"", ""OTHER""]]"	"[""N""]"	[1.5, 3.0]	[400.0, 10312.0]	[130.0, 180.0]	[90.0, 180.0]	[30.624, 58.828]	[1.0, 2.0]	[-1, -1]	[-1, -1]	[-1, -1]	[-1, -1]	"[""CORONAL STIR"", ""COR STIR"", ""Cor STIR"", ""Cor FSE STIR"", ""COR STIR FSE"", ""CORONAL STIR FSE"", ""Cor STIR (pelvis osea)""]"
stir	fse						anat	"[""SIEMENS""]"	"[""Symphony"", ""MAGNETOM_ESSENZA"", ""SymphonyTim"", ""Aera""]"	"[[""IR"", ""SE""], [""SE"", ""IR""]]"	"[[""SK"", ""SP"", ""MP"", ""OSP""]]"	"[[""IR"", ""SAT1""], [""IR"", ""SAT2""], ""IR""]"	"[""*tir2d1_7"", ""*tir2d1_9"", ""*tirB2d1_12"", ""*tirB2d1_15"", ""*tirBR2d1_40""]"	"[[""ORIGINAL"", ""PRIMARY"", ""M"", ""ND"", ""NORM"", ""FS2_2""], [""ORIGINAL"", ""PRIMARY"", ""M"", ""ND"", ""NORM""], [""ORIGINAL"", ""PRIMARY"", ""M"", ""DIS2D""], [""ORIGINAL"", ""PRIMARY"", ""M"", ""NORM"", ""DIS2D""]]"	"[""N""]"	[1.5, 1.5]	[3230.0, 5610.0]	[130.0, 160.0]	[126.0, 180.0]	[23.0, 99.0]	[1.0, 1.0]	[-1, -1]	[-1, -1]	[-1, -1]	[-1, -1]	"[""CORONAL STIR blade"", ""COR STIR BLADE"", ""COR STIR""]"
stir	fse						anat	"[""Siemens""]"	"[""MAGNETOM Vida""]"	"[""SE""]"	"[[""SP"", ""SK""]]"	"[[""PFP"", ""CG"", ""RG"", ""PER""], [""CG"", ""RG"", ""PER""]]"	"[""*tir2d1_7"", ""*tir2d1_9"", ""*hir2d1_307"", ""*hir2d1_256"", ""*hir2d1_232""]"	"[[""ORIGINAL"", ""PRIMARY"", ""M"", ""NORM"", ""DIS2D"", ""NORM"", ""FM"", ""FIL"", ""MFSPLIT""], [""ORIGINAL"", ""PRIMARY"", ""M"", ""NORM"", ""DIS2D"", ""MFSPLIT""], [""ORIGINAL"", ""PRIMARY"", ""M"", ""DIS2D"", ""NORM"", ""MFSPLIT""]]"	"[""N""]"	[3.0, 3.0]	[701.0, 5840.0]	[220.0, 230.0]	[110.0, 159.0]	[27.0, 88.0]	[1.0, 2.0]	[-1, -1]	[-1, -1]	[-1, -1]	[-1, -1]	"[""COR STIR"", ""CORONAL STIR T2 TSE"", ""CORONAL HASTE STIR T2"", ""T2 HASTE COR STIR 4mm""]"
stir	fse						anat	"[""Philips Medical Systems""]"	"[""Achieva"", ""Intera""]"	"[""IR""]"	"[""OSP""]"	"[""SP""]"	[-1]	"[[""ORIGINAL"", ""PRIMARY"", ""M_IR"", ""M"", ""IR""]]"	[-1]	[1.5, 1.5]	[1783.07080078125, 3807.3359375]	[150.0, 160.0]	[90.0, 90.0]	[15.0, 15.0]	[2.0, 4.0]	[-1, -1]	[-1, -1]	[-1, -1]	[-1, -1]	"[""STIR/SAG SENSE"", ""STIR/T""]"
T2w	propeller						anat	"[""GE MEDICAL SYSTEMS""]"	"[""SIGNA Architect"", ""Signa"", ""SIGNA Voyager"", ""SIGNA Artist"", ""Signa Voyager"", ""Optima MR450w""]"	"[""RM"", ""SE""]"	"[""NONE"", ""SK"", ""OSP""]"	"[[""FAST_GEMS"", ""PROP_GEMS"", ""NPW"", ""ACC_GEMS"", ""SAT_GEMS"", ""FS"", ""TRF_GEMS"", ""FILTERED_GEMS""], [""FAST_GEMS"", ""PROP_GEMS"", ""NPW"", ""ACC_GEMS"", ""TRF_GEMS"", ""FILTERED_GEMS"", ""FSL_GEMS""], [""NF"", ""EDR_GEMS"", ""TRF_GEMS"", ""FILTERED_GEMS"", ""ACC_GEMS"", ""FSA_GEMS"", ""FR_GEMS""], [""SAT_GEMS"", ""NF"", ""EDR_GEMS"", ""TRF_GEMS"", ""FILTERED_GEMS"", ""ACC_GEMS"", ""SP"", ""FSP_GEMS"", ""FR_GEMS""], [""NF"", ""EDR_GEMS"", ""TRF_GEMS"", ""FILTERED_GEMS"", ""ACC_GEMS"", ""FSI_GEMS"", ""FR_GEMS""], [""SAT_GEMS"", ""NPW"", ""NP"", ""EDR_GEMS"", ""TRF_GEMS"", ""ACC_GEMS"", ""SP"", ""FSL_GEMS"", ""FR_GEMS""], [""FAST_GEMS"", ""PROP_GEMS"", ""NPW"", ""ACC_GEMS"", ""TRF_GEMS"", ""FSL_GEMS""], [""NF"", ""EDR_GEMS"", ""TRF_GEMS"", ""FILTERED_GEMS"", ""ACC_GEMS"", ""FSL_GEMS"", ""FR_GEMS""], [""SAT_GEMS"", ""NPW"", ""NP"", ""EDR_GEMS"", ""TRF_GEMS"", ""ACC_GEMS"", ""SP"", ""FSP_GEMS"", ""FR_GEMS""], [""SAT_GEMS"", ""NF"", ""EDR_GEMS"", ""TRF_GEMS"", ""ACC_GEMS"", ""SP"", ""FSP_GEMS"", ""FR_GEMS""], [""SAT_GEMS"", ""NPW"", ""NP"", ""EDR_GEMS"", ""TRF_GEMS"", ""FILTERED_GEMS"", ""ACC_GEMS"", ""SP"", ""FSI_GEMS"", ""FR_GEMS""], [""NF"", ""EDR_GEMS"", ""TRF_GEMS"", ""FILTERED_GEMS"", ""FSL_GEMS""], [""SAT_GEMS"", ""NF"", ""EDR_GEMS"", ""TRF_GEMS"", ""ACC_GEMS"", ""SP"", ""FSA_GEMS"", ""FR_GEMS""], [""SAT_GEMS"", ""NPW"", ""NP"", ""EDR_GEMS"", ""TRF_GEMS"", ""FILTERED_GEMS"", ""ACC_GEMS"", ""SP"", ""FSL_GEMS"", ""FR_GEMS""], [""NF"", ""EDR_GEMS"", ""TRF_GEMS"", ""ACC_GEMS"", ""FSA_GEMS"", ""FR_GEMS""], [""NPW"", ""NP"", ""EDR_GEMS"", ""TRF_GEMS"", ""FILTERED_GEMS"", ""ACC_GEMS"", ""MRF_GEMS"", ""FSL_GEMS"", ""FR_GEMS""], [""FAST_GEMS"", ""PROP_GEMS"", ""NPW"", ""ACC_GEMS"", ""TRF_GEMS"", ""FSS_GEMS"", ""FILTERED_GEMS""], [""NPW"", ""NP"", ""EDR_GEMS"", ""TRF_GEMS"", ""FILTERED_GEMS"", ""ACC_GEMS"", ""FSL_GEMS"", ""FR_GEMS""], [""FAST_GEMS"", ""PROP_GEMS"", ""NPW"", ""TRF_GEMS"", ""FILTERED_GEMS"", ""FSS_GEMS""], [""FAST_GEMS"", ""PROP_GEMS"", ""NPW"", ""ACC_GEMS"", ""TRF_GEMS"", ""FILTERED_GEMS"", ""FSP_GEMS""], [""FAST_GEMS"", ""PROP_GEMS"", ""NPW"", ""ACC_GEMS"", ""SAT_GEMS"", ""FS"", ""TRF_GEMS"", ""FILTERED_GEMS"", ""FSL_GEMS""], [""FAST_GEMS"", ""PROP_GEMS"", ""NPW"", ""ACC_GEMS"", ""TRF_GEMS""], [""NF"", ""EDR_GEMS"", ""TRF_GEMS"", ""FILTERED_GEMS"", ""ACC_GEMS"", ""FSP_GEMS"", ""FR_GEMS""], [""FAST_GEMS"", ""PROP_GEMS"", ""NPW"", ""ACC_GEMS"", ""TRF_GEMS"", ""FSS_GEMS""], [""FAST_GEMS"", ""PROP_GEMS"", ""NPW"", ""ACC_GEMS"", ""TRF_GEMS"", ""FSI_GEMS""], [""NF"", ""EDR_GEMS"", ""TRF_GEMS"", ""FSL_GEMS""], [""FAST_GEMS"", ""PROP_GEMS"", ""NPW"", ""ACC_GEMS"", ""TRF_GEMS"", ""FILTERED_GEMS""], [""NF"", ""EDR_GEMS"", ""TRF_GEMS"", ""FILTERED_GEMS"", ""ACC_GEMS"", ""FSL_GEMS""], [""FAST_GEMS"", ""PROP_GEMS"", ""NPW"", ""ACC_GEMS"", ""TRF_GEMS"", ""FILTERED_GEMS"", ""FSS_GEMS""], [""SAT_GEMS"", ""NF"", ""EDR_GEMS"", ""TRF_GEMS"", ""FILTERED_GEMS"", ""ACC_GEMS"", ""SP"", ""FSS_GEMS"", ""FR_GEMS""], [""SAT_GEMS"", ""NF"", ""EDR_GEMS"", ""TRF_GEMS"", ""FILTERED_GEMS"", ""ACC_GEMS"", ""SP"", ""FSR_GEMS"", ""FR_GEMS""], [""FAST_GEMS"", ""PROP_GEMS"", ""NPW"", ""ACC_GEMS"", ""TRF_GEMS"", ""FSI_GEMS"", ""FILTERED_GEMS""], [""FAST_GEMS"", ""PROP_GEMS"", ""NPW"", ""TRF_GEMS"", ""FILTERED_GEMS"", ""FSL_GEMS""], [""FAST_GEMS"", ""PROP_GEMS"", ""NPW"", ""ACC_GEMS"", ""TRF_GEMS"", ""FILTERED_GEMS"", ""FSI_GEMS""], [""FAST_GEMS"", ""PROP_GEMS"", ""NPW"", ""TRF_GEMS"", ""FILTERED_GEMS"", ""FSI_GEMS""], [""NF"", ""EDR_GEMS"", ""TRF_GEMS"", ""ACC_GEMS"", ""FSP_GEMS"", ""FR_GEMS""], [""SAT_GEMS"", ""NF"", ""EDR_GEMS"", ""TRF_GEMS"", ""FILTERED_GEMS"", ""ACC_GEMS"", ""SP"", ""FSA_GEMS"", ""FR_GEMS""], [""FAST_GEMS"", ""PROP_GEMS"", ""NPW"", ""ACC_GEMS"", ""SAT_GEMS"", ""FS"", ""TRF_GEMS"", ""FILTERED_GEMS"", ""FSR_GEMS""], [""SAT_GEMS"", ""NPW"", ""NP"", ""EDR_GEMS"", ""TRF_GEMS"", ""FILTERED_GEMS"", ""ACC_GEMS"", ""SP"", ""FSA_GEMS"", ""FR_GEMS""], [""NPW"", ""NP"", ""EDR_GEMS"", ""TRF_GEMS"", ""FILTERED_GEMS"", ""ACC_GEMS"", ""FSA_GEMS"", ""FR_GEMS""], [""NF"", ""EDR_GEMS"", ""TRF_GEMS"", ""FILTERED_GEMS"", ""ACC_GEMS"", ""FSS_GEMS"", ""FR_GEMS""], [""SAT_GEMS"", ""NPW"", ""NP"", ""EDR_GEMS"", ""TRF_GEMS"", ""FILTERED_GEMS"", ""ACC_GEMS"", ""SP"", ""MRF_GEMS"", ""FSA_GEMS""], [""FAST_GEMS"", ""PROP_GEMS"", ""NPW"", ""ACC_GEMS"", ""SAT_GEMS"", ""FS"", ""TRF_GEMS""], [""SAT_GEMS"", ""NPW"", ""NP"", ""EDR_GEMS"", ""TRF_GEMS"", ""ACC_GEMS"", ""SP"", ""FSA_GEMS"", ""FR_GEMS""], [""FAST_GEMS"", ""PROP_GEMS"", ""NPW"", ""ACC_GEMS"", ""TRF_GEMS"", ""FSA_GEMS""], [""SAT_GEMS"", ""NPW"", ""NP"", ""EDR_GEMS"", ""TRF_GEMS"", ""FILTERED_GEMS"", ""SP"", ""MRF_GEMS"", ""FSS_GEMS""], [""SAT_GEMS"", ""NPW"", ""NP"", ""EDR_GEMS"", ""TRF_GEMS"", ""FILTERED_GEMS"", ""ACC_GEMS"", ""SP"", ""FSP_GEMS"", ""FR_GEMS""]]"	[-1]	"[[""DERIVED"", ""PRIMARY"", ""PROPELLER"", ""NONE""], [""ORIGINAL"", ""PRIMARY"", ""PROPELLER"", ""NONE""], [""DERIVED"", ""PRIMARY"", ""OTHER""], [""ORIGINAL"", ""PRIMARY"", ""OTHER""]]"	"[-1, ""N""]"	[1.5, 3.0]	[2795.0, 14431.0]	[-1, -1]	[80.0, 160.0]	[71.712, 159.368]	[1.5, 5.0]	[-1, -1]	[-1, -1]	[-1, -1]	[-1, -1]	"[""FL:D/COR T2 PROPELLER"", ""Cor T2 PROPELLER"", ""Ax T2 PROPELLER"", ""COR T2 PROPELLER"", ""FL:U/Ax T2 Propeller"", ""Ax T2 FS PROPELLER"", ""FL:D/Sag T2 PROPELLER"", ""AX T2 PROPELLER estricto"", ""ORIG Sag T2 PROPELLER"", ""FL:D/Ax T2 PROP PELVIS"", ""COR  T2 PROPELLER"", ""Sag T2 Propeller"", ""SAG  T2 PROPELLER"", ""Ax T2 Propeller"", ""FL:D/Cor T2 PROPELLER"", ""AX T2 PROPELLER"", ""Ax T2 PROP. PELVIS"", ""Cor T2 PROPELLER  estricto"", ""SAG T2 PROPELLER"", ""Sag T2 PROPELLER"", ""FL:D/Ax T2 PROPELLER"", ""ORIG Ax T2 PROPELLER"", ""Ax T2 PROPELLER PELVIS"", ""Ax T2 PROP PELVIS"", ""Ax T2 frFSE propeller"", ""FL:D/AX T2 PROPELLER"", ""SAG T2 PROPELLER estricto"", ""Sag T2 frFSE propeller"", ""Ax T2 PROPELLER FAT SAT"", ""Ax T2 PROPELLER GG""]"
T2w	blade						anat	"[""Siemens""]"	"[""MAGNETOM Vida""]"	"[""SE""]"	"[[""SP"", ""SK""]]"	"[[""CG"", ""RG""], [""SP"", ""CG"", ""RG""], [""CG"", ""RG"", ""PER""], [""SP"", ""CG"", ""RG"", ""PER""]]"	"[-1, ""*tseB2d1_25"", ""*tseB2d1_40""]"	"[[""DERIVED"", ""PRIMARY"", ""M"", ""NORM"", ""DIS2D"", ""FILTERED"", ""MFSPLIT""], [""ORIGINAL"", ""PRIMARY"", ""M"", ""NORM"", ""DIS2D"", ""FM"", ""FIL"", ""MFSPLIT""], [""DERIVED"", ""PRIMARY"", ""M"", ""NORM"", ""DIS2D"", ""MFSPLIT""], [""ORIGINAL"", ""PRIMARY"", ""M"", ""NORM"", ""DIS2D"", ""MFSPLIT""]]"	"[-1, ""N""]"	[3.0, 3.0]	[3250.0, 15050.0]	[-1, -1]	[89.0, 160.0]	[108.0, 226.0]	[1.0, 1.0]	[-1, -1]	[-1, -1]	[-1, -1]	[-1, -1]
T2w	blade						anat	"[""Siemens HealthCare GmbH""]"	"[""MAGNETOM Vida"", -1]"	"[""SE""]"	"[""SK"", [""SP"", ""SK""]]"	"[-1, ""PER"", [""SP"", ""PER""]]"	"[-1, ""*tseB2d1_25""]"	"[[""DERIVED"", ""PRIMARY"", ""M"", ""NONE""], [""ORIGINAL"", ""PRIMARY"", ""M"", ""NORM"", ""DIS2D"", ""MFSPLIT""]]"	"[-1, ""N""]"	[3.0, 3.0]	[4990.0, 8950.0]	[-1, -1]	[148.0, 160.0]	[126.0, 126.0]	[1.0, 1.0]	[-1, -1]	[-1, -1]	[-1, -1]	[-1, -1]
T2w	fse						anat	"[""GE MEDICAL SYSTEMS""]"	"[""OPTIMA MR360"", ""SIGNA Architect"", ""Signa HDxt"", ""SIGNA Explorer"", ""SIGNA EXCITE"", ""Signa"", ""SIGNA Voyager"", ""SIGNA Artist"", ""Signa Voyager"", ""Optima MR450w""]"	"[""RM"", ""SE"", ""IR""]"	"[""NONE"", ""SK"", [""SK"", ""OSP""], ""OSP""]"	"[[""FAST_GEMS"", ""NPW"", ""EDR_GEMS"", ""TRF_GEMS"", ""FILTERED_GEMS"", ""ACC_GEMS"", ""FSA_GEMS""], [""FC_FREQ_AX_GEMS"", ""FC"", ""NPW"", ""EDR_GEMS"", ""TRF_GEMS"", ""FILTERED_GEMS""], [""FAST_GEMS"", ""TRF_GEMS"", ""FILTERED_GEMS""], [""FAST_GEMS"", ""FC_FREQ_AX_GEMS"", ""FC"", ""EDR_GEMS"", ""SEQ_GEMS"", ""TRF_GEMS"", ""ACC_GEMS""], [""FAST_GEMS"", ""SAT_GEMS"", ""NPW"", ""NP"", ""EDR_GEMS"", ""TRF_GEMS"", ""FILTERED_GEMS"", ""SP"", ""FSA_GEMS"", ""FR_GEMS""], [""FAST_GEMS"", ""SAT_GEMS"", ""NPW"", ""NP"", ""TRF_GEMS"", ""FILTERED_GEMS"", ""SP"", ""FSP_GEMS"", ""FR_GEMS""], [""FAST_GEMS"", ""SAT_GEMS"", ""NPW"", ""EDR_GEMS"", ""TRF_GEMS"", ""FILTERED_GEMS"", ""SP"", ""FSI_GEMS"", ""FR_GEMS""], [""FAST_GEMS"", ""SS_GEMS"", ""FILTERED_GEMS"", ""ACC_GEMS"", ""PFP""], [""FAST_GEMS"", ""NPW"", ""NP"", ""EDR_GEMS"", ""TRF_GEMS"", ""FILTERED_GEMS"", ""ACC_GEMS"", ""FSA_GEMS""], [""NPW"", ""VB_GEMS"", ""TRF_GEMS""], [""FAST_GEMS"", ""FC_FREQ_AX_GEMS"", ""FC"", ""NPW"", ""NP"", ""EDR_GEMS"", ""TRF_GEMS"", ""FILTERED_GEMS"", ""ACC_GEMS"", ""FSI_GEMS"", ""FR_GEMS""], [""FAST_GEMS"", ""FC_SLICE_AX_GEMS"", ""FC"", ""NPW"", ""NP"", ""EDR_GEMS"", ""TRF_GEMS"", ""FILTERED_GEMS"", ""ACC_GEMS"", ""FSA_GEMS""], [""FAST_GEMS"", ""FC_SLICE_AX_GEMS"", ""FC"", ""NPW"", ""EDR_GEMS"", ""TRF_GEMS"", ""FILTERED_GEMS"", ""ACC_GEMS"", ""FSL_GEMS""], [""SAT_GEMS"", ""NPW"", ""VB_GEMS"", ""TRF_GEMS"", ""FILTERED_GEMS"", ""SP""], [""FAST_GEMS"", ""FC_FREQ_AX_GEMS"", ""FC"", ""NPW"", ""TRF_GEMS""], [""FAST_GEMS"", ""SAT_GEMS"", ""VB_GEMS"", ""SS_GEMS"", ""PFP"", ""SP""], [""FAST_GEMS"", ""FC_FREQ_AX_GEMS"", ""FC"", ""NPW"", ""EDR_GEMS"", ""TRF_GEMS"", ""FILTERED_GEMS""], [""FAST_GEMS"", ""SAT_GEMS"", ""EDR_GEMS"", ""TRF_GEMS"", ""FILTERED_GEMS"", ""ACC_GEMS"", ""SP"", ""FSL_GEMS"", ""FR_GEMS""], [""FAST_GEMS"", ""FC_SLICE_AX_GEMS"", ""FC"", ""SAT_GEMS"", ""EDR_GEMS"", ""TRF_GEMS"", ""FILTERED_GEMS"", ""SP"", ""FSS_GEMS""], [""FAST_GEMS"", ""SAT_GEMS"", ""NPW"", ""TRF_GEMS"", ""FILTERED_GEMS"", ""SP"", ""FSL_GEMS""], [""FAST_GEMS"", ""FC_FREQ_AX_GEMS"", ""FC"", ""SAT_GEMS"", ""NPW"", ""NP"", ""EDR_GEMS"", ""TRF_GEMS"", ""FILTERED_GEMS"", ""ACC_GEMS"", ""SP"", ""FSI_GEMS"", ""FR_GEMS""], [""FAST_GEMS"", ""FC_SLICE_AX_GEMS"", ""FC"", ""SAT_GEMS"", ""NPW"", ""EDR_GEMS"", ""TRF_GEMS"", ""FILTERED_GEMS"", ""SP""], [""SAT_GEMS"", ""VB_GEMS"", ""RTR_GEMS"", ""FILTERED_GEMS"", ""SP""], [""VB_GEMS"", ""EDR_GEMS""], [""FC_SLICE_AX_GEMS"", ""FC"", ""SAT_GEMS"", ""VB_GEMS"", ""TRF_GEMS"", ""RTR_GEMS"", ""SP""], [""FAST_GEMS"", ""TRF_GEMS"", ""RTR_GEMS"", ""ACC_GEMS""], [""FAST_GEMS"", ""EDR_GEMS"", ""TRF_GEMS"", ""FILTERED_GEMS"", ""ACC_GEMS"", ""FSL_GEMS""], [""FAST_GEMS"", ""FC_SLICE_AX_GEMS"", ""FC"", ""NPW"", ""EDR_GEMS"", ""TRF_GEMS"", ""FILTERED_GEMS"", ""FSA_GEMS""], [""FAST_GEMS"", ""NPW"", ""EDR_GEMS"", ""TRF_GEMS"", ""FILTERED_GEMS""], [""FAST_GEMS"", ""FC_FREQ_AX_GEMS"", ""FC"", ""SAT_GEMS"", ""NPW"", ""EDR_GEMS"", ""TRF_GEMS"", ""FILTERED_GEMS"", ""SP"", ""FSI_GEMS""], [""SAT_GEMS"", ""NPW"", ""VB_GEMS"", ""TRF_GEMS"", ""SP""], [""FAST_GEMS"", ""NPW"", ""TRF_GEMS"", ""FILTERED_GEMS""], [""FAST_GEMS"", ""FC_FREQ_AX_GEMS"", ""FC"", ""SAT_GEMS"", ""NPW"", ""TRF_GEMS"", ""FILTERED_GEMS"", ""SP""], [""FAST_GEMS"", ""NPW"", ""NP"", ""EDR_GEMS"", ""TRF_GEMS"", ""FILTERED_GEMS"", ""ACC_GEMS"", ""FSP_GEMS"", ""FR_GEMS""], [""FC_FREQ_AX_GEMS"", ""FC"", ""SAT_GEMS"", ""VB_GEMS"", ""TRF_GEMS"", ""FILTERED_GEMS"", ""SP"", ""FS""], [""VB_GEMS"", ""FILTERED_GEMS""], [""FAST_GEMS"", ""FC_FREQ_AX_GEMS"", ""FC"", ""SAT_GEMS"", ""NPW"", ""EDR_GEMS"", ""TRF_GEMS"", ""FILTERED_GEMS"", ""SP"", ""FSP_GEMS""], [""FAST_GEMS"", ""FC_SLICE_AX_GEMS"", ""FC"", ""NPW"", ""NP"", ""EDR_GEMS"", ""TRF_GEMS"", ""FILTERED_GEMS"", ""ACC_GEMS"", ""PFP"", ""FSA_GEMS""], [""FAST_GEMS"", ""SAT_GEMS"", ""NPW"", ""TRF_GEMS"", ""SP"", ""FS""], [""FAST_GEMS"", ""FC_FREQ_AX_GEMS"", ""FC"", ""EDR_GEMS"", ""TRF_GEMS"", ""FILTERED_GEMS""], [""FAST_GEMS"", ""NPW"", ""EDR_GEMS"", ""TRF_GEMS"", ""FILTERED_GEMS"", ""ACC_GEMS"", ""FSR_GEMS""], [""FAST_GEMS"", ""FC_FREQ_AX_GEMS"", ""FC"", ""NPW"", ""EDR_GEMS"", ""TRF_GEMS""], [""FAST_GEMS"", ""FC_FREQ_AX_GEMS"", ""FC"", ""SAT_GEMS"", ""NPW"", ""NP"", ""EDR_GEMS"", ""TRF_GEMS"", ""FILTERED_GEMS"", ""SP"", ""FSI_GEMS"", ""FR_GEMS""], [""FAST_GEMS"", ""NPW"", ""NP"", ""TRF_GEMS"", ""FILTERED_GEMS"", ""FSP_GEMS"", ""FR_GEMS""], [""FAST_GEMS"", ""FC_FREQ_AX_GEMS"", ""FC"", ""SAT_GEMS"", ""EDR_GEMS"", ""TRF_GEMS"", ""FILTERED_GEMS"", ""SP""], [""FAST_GEMS"", ""NPW"", ""NP"", ""TRF_GEMS"", ""FILTERED_GEMS"", ""FSA_GEMS"", ""FR_GEMS""], [""FAST_GEMS"", ""FC_FREQ_AX_GEMS"", ""FC"", ""SAT_GEMS"", ""NPW"", ""EDR_GEMS"", ""SEQ_GEMS"", ""TRF_GEMS"", ""SP""], [""FAST_GEMS"", ""NPW"", ""NP"", ""EDR_GEMS"", ""TRF_GEMS"", ""FILTERED_GEMS"", ""ACC_GEMS"", ""FSI_GEMS""], [""FAST_GEMS"", ""TRF_GEMS"", ""FILTERED_GEMS"", ""FSA_GEMS""], [""FAST_GEMS"", ""NPW"", ""EDR_GEMS"", ""TRF_GEMS"", ""FILTERED_GEMS"", ""FSP_GEMS""], [""FC_FREQ_AX_GEMS"", ""FC"", ""SAT_GEMS"", ""NPW"", ""VB_GEMS"", ""EDR_GEMS"", ""TRF_GEMS"", ""FILTERED_GEMS"", ""SP""], [""FAST_GEMS"", ""NPW"", ""EDR_GEMS"", ""TRF_GEMS"", ""FILTERED_GEMS"", ""FSI_GEMS"", ""FR_GEMS""], [""FAST_GEMS"", ""SAT_GEMS"", ""NPW"", ""NP"", ""EDR_GEMS"", ""TRF_GEMS"", ""FILTERED_GEMS"", ""SP"", ""FSS_GEMS"", ""FR_GEMS""], [""SAT_GEMS"", ""NPW"", ""VB_GEMS"", ""EDR_GEMS"", ""TRF_GEMS"", ""FILTERED_GEMS"", ""SP"", ""FS""], [""FAST_GEMS"", ""SAT_GEMS"", ""NPW"", ""TRF_GEMS"", ""FILTERED_GEMS"", ""FS"", ""FSI_GEMS""], [""FAST_GEMS"", ""SAT_GEMS"", ""NPW"", ""TRF_GEMS"", ""SP""], [""FAST_GEMS"", ""NPW"", ""EDR_GEMS"", ""TRF_GEMS"", ""FILTERED_GEMS"", ""FSA_GEMS""], [""FAST_GEMS"", ""ACC_GEMS""], [""FAST_GEMS"", ""FC_SLICE_AX_GEMS"", ""FC"", ""NPW"", ""EDR_GEMS"", ""TRF_GEMS""], [""FAST_GEMS"", ""EDR_GEMS"", ""TRF_GEMS"", ""FILTERED_GEMS""], [""FAST_GEMS"", ""SAT_GEMS"", ""NPW"", ""NP"", ""EDR_GEMS"", ""TRF_GEMS"", ""FILTERED_GEMS"", ""ACC_GEMS"", ""SP"", ""FSL_GEMS""], [""FAST_GEMS"", ""VB_GEMS"", ""SS_GEMS"", ""FILTERED_GEMS"", ""PFP""], [""FAST_GEMS"", ""VB_GEMS"", ""SS_GEMS"", ""PFP""], [""FAST_GEMS"", ""SS_GEMS"", ""PFP""], [""FAST_GEMS"", ""FC_FREQ_AX_GEMS"", ""FC"", ""NPW"", ""NP"", ""EDR_GEMS"", ""TRF_GEMS"", ""FILTERED_GEMS"", ""FSI_GEMS"", ""FR_GEMS""], [""FC_SLICE_AX_GEMS"", ""FC"", ""SAT_GEMS"", ""VB_GEMS"", ""TRF_GEMS"", ""RTR_GEMS"", ""FILTERED_GEMS"", ""FS""], [""FAST_GEMS"", ""EDR_GEMS"", ""TRF_GEMS"", ""FILTERED_GEMS"", ""FSL_GEMS""], [""FAST_GEMS"", ""NPW"", ""NP"", ""EDR_GEMS"", ""TRF_GEMS"", ""FILTERED_GEMS"", ""ACC_GEMS"", ""FSA_GEMS"", ""FR_GEMS""], [""FAST_GEMS"", ""FC_SLICE_AX_GEMS"", ""FC"", ""NPW"", ""NP"", ""EDR_GEMS"", ""TRF_GEMS"", ""FILTERED_GEMS"", ""ACC_GEMS"", ""FSA_GEMS"", ""FR_GEMS""], [""FAST_GEMS"", ""SS_GEMS"", ""FILTERED_GEMS"", ""PFP""], [""FAST_GEMS"", ""SAT_GEMS"", ""NPW"", ""EDR_GEMS"", ""TRF_GEMS"", ""FILTERED_GEMS"", ""FS""], [""FAST_GEMS"", ""FC_SLICE_AX_GEMS"", ""FC"", ""SAT_GEMS"", ""NPW"", ""EDR_GEMS"", ""TRF_GEMS"", ""FILTERED_GEMS"", ""SP"", ""FSP_GEMS""], [""FAST_GEMS"", ""NPW"", ""TRF_GEMS"", ""FILTERED_GEMS"", ""FSA_GEMS""], [""FC_SLICE_AX_GEMS"", ""FC"", ""SAT_GEMS"", ""VB_GEMS"", ""TRF_GEMS"", ""RTR_GEMS"", ""FILTERED_GEMS"", ""SP"", ""FS""], [""FAST_GEMS"", ""FC_SLICE_AX_GEMS"", ""FC"", ""SAT_GEMS"", ""NPW"", ""EDR_GEMS"", ""TRF_GEMS"", ""FILTERED_GEMS"", ""ACC_GEMS"", ""SP"", ""FSA_GEMS""], [""FAST_GEMS"", ""VB_GEMS"", ""EDR_GEMS"", ""SS_GEMS"", ""PFP""], [""FAST_GEMS"", ""FC_FREQ_AX_GEMS"", ""FC"", ""SAT_GEMS"", ""NPW"", ""EDR_GEMS"", ""TRF_GEMS"", ""FILTERED_GEMS"", ""SP"", ""FSL_GEMS""], [""FAST_GEMS"", ""SAT_GEMS"", ""EDR_GEMS"", ""TRF_GEMS"", ""FILTERED_GEMS"", ""ACC_GEMS"", ""SP""], [""FAST_GEMS"", ""FC_FREQ_AX_GEMS"", ""FC"", ""SAT_GEMS"", ""NPW"", ""EDR_GEMS"", ""TRF_GEMS"", ""FILTERED_GEMS"", ""ACC_GEMS"", ""SP"", ""FSS_GEMS"", ""FR_GEMS""], [""FAST_GEMS"", ""FC_SLICE_AX_GEMS"", ""FC"", ""EDR_GEMS"", ""TRF_GEMS"", ""FILTERED_GEMS"", ""FSL_GEMS""], [""FAST_GEMS"", ""EDR_GEMS"", ""TRF_GEMS"", ""FILTERED_GEMS"", ""ACC_GEMS"", ""FSL_GEMS"", ""FR_GEMS""], [""FAST_GEMS"", ""SAT_GEMS"", ""EDR_GEMS"", ""TRF_GEMS"", ""FILTERED_GEMS"", ""ACC_GEMS"", ""SP"", ""FSL_GEMS""], [""FAST_GEMS"", ""EDR_GEMS"", ""TRF_GEMS"", ""FILTERED_GEMS"", ""ACC_GEMS"", ""FSA_GEMS""], [""FAST_GEMS"", ""SAT_GEMS"", ""NPW"", ""EDR_GEMS"", ""TRF_GEMS"", ""FILTERED_GEMS"", ""ACC_GEMS"", ""FS"", ""FSL_GEMS""], [""FAST_GEMS"", ""FC_FREQ_AX_GEMS"", ""FC"", ""EDR_GEMS"", ""SEQ_GEMS"", ""TRF_GEMS"", ""FILTERED_GEMS"", ""ACC_GEMS""], [""FAST_GEMS"", ""NPW"", ""NP"", ""EDR_GEMS"", ""TRF_GEMS"", ""FILTERED_GEMS"", ""FSI_GEMS""], [""FAST_GEMS"", ""EDR_GEMS"", ""TRF_GEMS"", ""SS_GEMS"", ""FILTERED_GEMS"", ""ACC_GEMS"", ""FR_GEMS""], [""NPW"", ""VB_GEMS"", ""TRF_GEMS"", ""FILTERED_GEMS""], [""FAST_GEMS"", ""FC_SLICE_AX_GEMS"", ""FC"", ""SAT_GEMS"", ""NPW"", ""TRF_GEMS"", ""FILTERED_GEMS"", ""SP"", ""FSI_GEMS""], [""FAST_GEMS"", ""FC_FREQ_AX_GEMS"", ""FC"", ""SAT_GEMS"", ""NPW"", ""EDR_GEMS"", ""TRF_GEMS"", ""FILTERED_GEMS"", ""ACC_GEMS"", ""SP"", ""FSL_GEMS""], [""FAST_GEMS"", ""FC_FREQ_AX_GEMS"", ""FC"", ""NPW"", ""EDR_GEMS"", ""TRF_GEMS"", ""FILTERED_GEMS"", ""ACC_GEMS""], [""FAST_GEMS"", ""SAT_GEMS"", ""NPW"", ""EDR_GEMS"", ""TRF_GEMS"", ""FILTERED_GEMS"", ""ACC_GEMS"", ""SP"", ""FSL_GEMS""], [""FAST_GEMS"", ""FC_FREQ_AX_GEMS"", ""FC"", ""NPW"", ""EDR_GEMS"", ""TRF_GEMS"", ""FILTERED_GEMS"", ""FSI_GEMS""], [""FAST_GEMS"", ""FC_FREQ_AX_GEMS"", ""FC"", ""NPW"", ""EDR_GEMS"", ""TRF_GEMS"", ""FILTERED_GEMS"", ""FSL_GEMS""], [""FAST_GEMS"", ""CL_GEMS"", ""NPW"", ""EDR_GEMS"", ""TRF_GEMS"", ""FILTERED_GEMS""], [""FAST_GEMS"", ""SAT_GEMS"", ""NPW"", ""NP"", ""EDR_GEMS"", ""TRF_GEMS"", ""FILTERED_GEMS"", ""SP"", ""FSP_GEMS"", ""FR_GEMS""], [""FAST_GEMS"", ""FC_SLICE_AX_GEMS"", ""FC"", ""SAT_GEMS"", ""NPW"", ""EDR_GEMS"", ""TRF_GEMS"", ""FILTERED_GEMS"", ""FS""], [""FAST_GEMS"", ""NPW"", ""NP"", ""EDR_GEMS"", ""SS_GEMS"", ""FILTERED_GEMS""], [""FAST_GEMS"", ""FC_SLICE_AX_GEMS"", ""FC"", ""NPW"", ""EDR_GEMS"", ""TRF_GEMS"", ""FILTERED_GEMS"", ""ACC_GEMS"", ""FSL_GEMS"", ""FR_GEMS""], [""FAST_GEMS"", ""NPW"", ""NP"", ""EDR_GEMS"", ""TRF_GEMS"", ""FILTERED_GEMS"", ""FSA_GEMS""], [""FAST_GEMS"", ""SAT_GEMS"", ""NPW"", ""NP"", ""TRF_GEMS"", ""FILTERED_GEMS"", ""SP"", ""FSS_GEMS"", ""FR_GEMS""], [""FAST_GEMS"", ""SAT_GEMS"", ""VB_GEMS"", ""SS_GEMS"", ""FILTERED_GEMS"", ""PFP"", ""SP""], [""FAST_GEMS"", ""SAT_GEMS"", ""NPW"", ""NP"", ""EDR_GEMS"", ""TRF_GEMS"", ""FILTERED_GEMS"", ""ACC_GEMS"", ""SP"", ""FSP_GEMS"", ""FR_GEMS""], [""FAST_GEMS"", ""NPW"", ""NP"", ""TRF_GEMS"", ""FILTERED_GEMS"", ""FSS_GEMS"", ""FR_GEMS""], [""FAST_GEMS"", ""FC_FREQ_AX_GEMS"", ""FC"", ""SAT_GEMS"", ""NPW"", ""EDR_GEMS"", ""TRF_GEMS"", ""FILTERED_GEMS"", ""SP""], [""FAST_GEMS"", ""FC_FREQ_AX_GEMS"", ""FC"", ""NPW"", ""EDR_GEMS"", ""TRF_GEMS"", ""FILTERED_GEMS"", ""FSS_GEMS""], [""FAST_GEMS"", ""SAT_GEMS"", ""NPW"", ""EDR_GEMS"", ""TRF_GEMS"", ""FILTERED_GEMS"", ""SP""], [""FAST_GEMS"", ""NPW"", ""NP"", ""EDR_GEMS"", ""TRF_GEMS"", ""FILTERED_GEMS"", ""FSP_GEMS""], [""FAST_GEMS"", ""SAT_GEMS"", ""EDR_GEMS"", ""SS_GEMS"", ""FILTERED_GEMS"", ""ACC_GEMS"", ""SP""], [""FAST_GEMS"", ""NPW"", ""NP"", ""EDR_GEMS"", ""TRF_GEMS"", ""FILTERED_GEMS"", ""FSA_GEMS"", ""FR_GEMS""], [""FAST_GEMS"", ""SAT_GEMS"", ""NPW"", ""EDR_GEMS"", ""TRF_GEMS"", ""SP"", ""FSS_GEMS""], [""FAST_GEMS"", ""FC_SLICE_AX_GEMS"", ""FC"", ""NPW"", ""TRF_GEMS"", ""FILTERED_GEMS"", ""FSA_GEMS""], [""FAST_GEMS"", ""FC_SLICE_AX_GEMS"", ""FC"", ""SAT_GEMS"", ""NPW"", ""EDR_GEMS"", ""TRF_GEMS"", ""FILTERED_GEMS"", ""ACC_GEMS"", ""SP"", ""FSL_GEMS""], [""FAST_GEMS"", ""FC_FREQ_AX_GEMS"", ""FC"", ""NPW"", ""EDR_GEMS"", ""TRF_GEMS"", ""FILTERED_GEMS"", ""FSP_GEMS""], [""FAST_GEMS"", ""FC_FREQ_AX_GEMS"", ""FC"", ""NPW"", ""EDR_GEMS"", ""TRF_GEMS"", ""FILTERED_GEMS"", ""ACC_GEMS"", ""FSI_GEMS""], [""FAST_GEMS"", ""EDR_GEMS"", ""SS_GEMS"", ""FILTERED_GEMS"", ""ACC_GEMS"", ""PFP""], [""FAST_GEMS"", ""SAT_GEMS"", ""NPW"", ""TRF_GEMS"", ""FILTERED_GEMS"", ""FS""], [""NPW"", ""VB_GEMS"", ""EDR_GEMS""], [""FAST_GEMS"", ""NPW"", ""NP"", ""TRF_GEMS"", ""FILTERED_GEMS"", ""FSL_GEMS""], [""FAST_GEMS"", ""FC_FREQ_AX_GEMS"", ""FC"", ""NPW"", ""EDR_GEMS"", ""SEQ_GEMS"", ""TRF_GEMS"", ""FILTERED_GEMS""], [""FAST_GEMS"", ""SAT_GEMS"", ""NPW"", ""EDR_GEMS"", ""FILTERED_GEMS"", ""SP"", ""FSA_GEMS""], [""FAST_GEMS"", ""FC_FREQ_AX_GEMS"", ""FC"", ""SAT_GEMS"", ""NPW"", ""EDR_GEMS"", ""TRF_GEMS"", ""FILTERED_GEMS"", ""FS""], [""FAST_GEMS"", ""FC_FREQ_AX_GEMS"", ""FC"", ""SAT_GEMS"", ""EDR_GEMS"", ""SEQ_GEMS"", ""TRF_GEMS"", ""ACC_GEMS"", ""SP""], [""FAST_GEMS"", ""SAT_GEMS"", ""NPW"", ""TRF_GEMS"", ""FILTERED_GEMS"", ""SP""], [""FAST_GEMS"", ""SAT_GEMS"", ""NPW"", ""TRF_GEMS"", ""FILTERED_GEMS"", ""SP"", ""FS""], [""FAST_GEMS"", ""NPW"", ""TRF_GEMS"", ""FILTERED_GEMS"", ""FSL_GEMS""], [""FAST_GEMS"", ""TRF_GEMS"", ""FILTERED_GEMS"", ""FSL_GEMS"", ""FR_GEMS""], [""SAT_GEMS"", ""NPW"", ""VB_GEMS"", ""EDR_GEMS"", ""TRF_GEMS"", ""FILTERED_GEMS"", ""SP""], [""FAST_GEMS"", ""FC_FREQ_AX_GEMS"", ""FC"", ""SAT_GEMS"", ""NPW"", ""EDR_GEMS"", ""TRF_GEMS"", ""FILTERED_GEMS"", ""ACC_GEMS"", ""SP"", ""FSS_GEMS""], [""FAST_GEMS"", ""FC_SLICE_AX_GEMS"", ""FC"", ""NPW"", ""EDR_GEMS"", ""TRF_GEMS"", ""FILTERED_GEMS"", ""ACC_GEMS"", ""FSA_GEMS""], [""FAST_GEMS"", ""SAT_GEMS"", ""NPW"", ""EDR_GEMS"", ""TRF_GEMS"", ""FILTERED_GEMS"", ""SP"", ""FSA_GEMS""], [""SAT_GEMS"", ""NPW"", ""VB_GEMS"", ""TRF_GEMS"", ""FS""], [""SAT_GEMS"", ""VB_GEMS"", ""FILTERED_GEMS"", ""SP""], [""FAST_GEMS"", ""NPW"", ""TRF_GEMS""], [""FAST_GEMS"", ""FC_SLICE_AX_GEMS"", ""FC"", ""NPW"", ""EDR_GEMS"", ""TRF_GEMS"", ""FILTERED_GEMS""], [""FAST_GEMS"", ""FC_SLICE_AX_GEMS"", ""FC"", ""SAT_GEMS"", ""NPW"", ""EDR_GEMS"", ""TRF_GEMS"", ""FILTERED_GEMS"", ""ACC_GEMS"", ""SP"", ""FSL_GEMS"", ""FR_GEMS""], [""FAST_GEMS"", ""FC_SLICE_AX_GEMS"", ""FC"", ""SAT_GEMS"", ""EDR_GEMS"", ""TRF_GEMS"", ""FILTERED_GEMS"", ""ACC_GEMS"", ""SP""], [""FAST_GEMS"", ""TRF_GEMS"", ""ACC_GEMS""], [""SAT_GEMS"", ""NPW"", ""VB_GEMS"", ""EDR_GEMS"", ""FILTERED_GEMS"", ""SP""], [""FAST_GEMS"", ""SAT_GEMS"", ""NPW"", ""EDR_GEMS"", ""TRF_GEMS"", ""FILTERED_GEMS"", ""ACC_GEMS"", ""SP"", ""FSA_GEMS""], [""FAST_GEMS"", ""FC_FREQ_AX_GEMS"", ""FC"", ""EDR_GEMS"", ""SEQ_GEMS"", ""TRF_GEMS"", ""FILTERED_GEMS""], [""FAST_GEMS"", ""SAT_GEMS"", ""NPW"", ""NP"", ""EDR_GEMS"", ""TRF_GEMS"", ""FILTERED_GEMS"", ""ACC_GEMS"", ""SP"", ""FSS_GEMS"", ""FR_GEMS""], [""FC_FREQ_AX_GEMS"", ""FC"", ""SAT_GEMS"", ""VB_GEMS"", ""TRF_GEMS"", ""RTR_GEMS"", ""FILTERED_GEMS"", ""SP"", ""FS""], [""FAST_GEMS"", ""TRF_GEMS"", ""FILTERED_GEMS"", ""ACC_GEMS""], [""NPW"", ""VB_GEMS"", ""EDR_GEMS"", ""TRF_GEMS"", ""FILTERED_GEMS""], [""SAT_GEMS"", ""NPW"", ""VB_GEMS"", ""TRF_GEMS"", ""FILTERED_GEMS"", ""SP"", ""FS""], [""FAST_GEMS"", ""SAT_GEMS"", ""NPW"", ""EDR_GEMS"", ""TRF_GEMS"", ""FILTERED_GEMS"", ""SP"", ""FSS_GEMS""], [""FAST_GEMS"", ""NPW"", ""NP"", ""TRF_GEMS"", ""FILTERED_GEMS"", ""FSL_GEMS"", ""FR_GEMS""], [""FAST_GEMS"", ""NPW"", ""EDR_GEMS"", ""TRF_GEMS"", ""FILTERED_GEMS"", ""FSL_GEMS""], [""FAST_GEMS"", ""SAT_GEMS"", ""NPW"", ""TRF_GEMS"", ""FILTERED_GEMS"", ""SP"", ""FSA_GEMS""], [""SAT_GEMS"", ""VB_GEMS"", ""TRF_GEMS"", ""SP""], [""FAST_GEMS"", ""FC_SLICE_AX_GEMS"", ""FC"", ""SAT_GEMS"", ""NPW"", ""EDR_GEMS"", ""TRF_GEMS"", ""FILTERED_GEMS"", ""ACC_GEMS"", ""SP"", ""FSI_GEMS"", ""FR_GEMS""], [""FAST_GEMS"", ""FC_SLICE_AX_GEMS"", ""FC"", ""EDR_GEMS"", ""TRF_GEMS""], [""FAST_GEMS"", ""FC_FREQ_AX_GEMS"", ""FC"", ""SAT_GEMS"", ""NPW"", ""TRF_GEMS"", ""SP""], [""FAST_GEMS"", ""SAT_GEMS"", ""NPW"", ""EDR_GEMS"", ""TRF_GEMS"", ""FILTERED_GEMS"", ""SP"", ""FS""], [""FAST_GEMS"", ""FC_FREQ_AX_GEMS"", ""FC"", ""SAT_GEMS"", ""NPW"", ""TRF_GEMS"", ""FILTERED_GEMS"", ""SP"", ""FS""], [""FAST_GEMS"", ""EDR_GEMS"", ""SS_GEMS"", ""FILTERED_GEMS"", ""ACC_GEMS""], [""FAST_GEMS"", ""FC_FREQ_AX_GEMS"", ""FC"", ""SAT_GEMS"", ""EDR_GEMS"", ""SEQ_GEMS"", ""TRF_GEMS"", ""FILTERED_GEMS"", ""ACC_GEMS"", ""SP""], [""FAST_GEMS"", ""FC_FREQ_AX_GEMS"", ""FC"", ""SAT_GEMS"", ""TRF_GEMS"", ""FILTERED_GEMS"", ""SP"", ""FSS_GEMS""], [""FAST_GEMS"", ""NPW"", ""NP"", ""EDR_GEMS"", ""TRF_GEMS"", ""FILTERED_GEMS"", ""ACC_GEMS"", ""FSL_GEMS""], [""SAT_GEMS"", ""NPW"", ""VB_GEMS"", ""TRF_GEMS"", ""FILTERED_GEMS"", ""FS""], [""FAST_GEMS"", ""SAT_GEMS"", ""NPW"", ""NP"", ""EDR_GEMS"", ""TRF_GEMS"", ""SP"", ""FSP_GEMS""], [""FAST_GEMS"", ""NPW"", ""EDR_GEMS"", ""TRF_GEMS"", ""FILTERED_GEMS"", ""FSI_GEMS""], [""FAST_GEMS"", ""FC_FREQ_AX_GEMS"", ""FC"", ""NPW"", ""EDR_GEMS"", ""TRF_GEMS"", ""ART_GEMS"", ""FILTERED_GEMS"", ""ACC_GEMS"", ""FSI_GEMS""], [""FAST_GEMS"", ""SAT_GEMS"", ""NPW"", ""NP"", ""EDR_GEMS"", ""TRF_GEMS"", ""FILTERED_GEMS"", ""ACC_GEMS"", ""SP"", ""FSP_GEMS""], [""FAST_GEMS"", ""EDR_GEMS"", ""TRF_GEMS"", ""FILTERED_GEMS"", ""ACC_GEMS""], [""FAST_GEMS"", ""NPW"", ""EDR_GEMS"", ""SS_GEMS"", ""FILTERED_GEMS"", ""ACC_GEMS""], [""FAST_GEMS"", ""SAT_GEMS"", ""NPW"", ""NP"", ""EDR_GEMS"", ""TRF_GEMS"", ""FILTERED_GEMS"", ""ACC_GEMS"", ""SP"", ""FSA_GEMS""], [""FAST_GEMS"", ""SAT_GEMS"", ""TRF_GEMS"", ""FILTERED_GEMS"", ""ACC_GEMS"", ""SP"", ""FS""], [""FAST_GEMS"", ""SAT_GEMS"", ""NPW"", ""EDR_GEMS"", ""TRF_GEMS"", ""FILTERED_GEMS"", ""ACC_GEMS"", ""SP"", ""FSP_GEMS""], [""FAST_GEMS"", ""SAT_GEMS"", ""NPW"", ""NP"", ""EDR_GEMS"", ""TRF_GEMS"", ""FILTERED_GEMS"", ""ACC_GEMS"", ""SP"", ""FSA_GEMS"", ""FR_GEMS""], [""FAST_GEMS"", ""SAT_GEMS"", ""NPW"", ""EDR_GEMS"", ""TRF_GEMS"", ""FILTERED_GEMS"", ""SP"", ""FSP_GEMS""], [""FAST_GEMS"", ""SAT_GEMS"", ""NPW"", ""NP"", ""EDR_GEMS"", ""TRF_GEMS"", ""FILTERED_GEMS"", ""SP"", ""FSP_GEMS""], [""FAST_GEMS"", ""SAT_GEMS"", ""NPW"", ""NP"", ""EDR_GEMS"", ""TRF_GEMS"", ""FILTERED_GEMS"", ""SP"", ""FSL_GEMS"", ""FR_GEMS""], [""FAST_GEMS"", ""SAT_GEMS"", ""NPW"", ""TRF_GEMS"", ""FILTERED_GEMS"", ""SP"", ""FSS_GEMS""], [""FAST_GEMS"", ""SAT_GEMS"", ""TRF_GEMS"", ""FILTERED_GEMS"", ""ACC_GEMS"", ""SP""], [""FAST_GEMS"", ""SAT_GEMS"", ""NPW"", ""TRF_GEMS"", ""FILTERED_GEMS"", ""FS"", ""FSA_GEMS""], [""FAST_GEMS"", ""NPW"", ""NP"", ""EDR_GEMS"", ""TRF_GEMS"", ""FILTERED_GEMS"", ""FSL_GEMS"", ""FR_GEMS""], [""FAST_GEMS"", ""NPW"", ""EDR_GEMS"", ""TRF_GEMS"", ""FILTERED_GEMS"", ""ACC_GEMS"", ""FSL_GEMS""], [""FAST_GEMS"", ""SEQ_GEMS"", ""SS_GEMS"", ""PFP""], [""FAST_GEMS"", ""NPW"", ""EDR_GEMS"", ""TRF_GEMS"", ""FILTERED_GEMS"", ""FSS_GEMS""]]"	[-1]	"[[""ORIGINAL"", ""PRIMARY"", ""OTHER""]]"	"[""N""]"	[1.5, 3.0]	[259.996, 12040.0]	[0.0, 150.0]	[90.0, 180.0]	[5.812, 173.752]	[0.5, 9.0]	[-1, -1]	[-1, -1]	[-1, -1]	[-1, -1]	"[""T2/TSE/TRA/"", ""Ax T2 Fse t2"", ""AX  FSE T2"", ""Ax T1 FSE ARC"", ""COR FSE T2"", ""COR  SSFSE T2"", ""O-SAGITAL FSE T2"", ""COR  T2 FRFSE"", ""Cor frFSE T2 FAT"", ""Ax T2 FRFSE"", ""SAG SSFSE T2"", ""sag  T2 FSE"", ""Ax T2 FSE"", ""Ax T2 Fse t2  pelvis"", ""AX  SSFSE T2"", ""Ax T2 frFSE"", ""SAG T2 SSFSE"", ""Cor T2 frFSE estricto"", ""COR T2 FSE ALTA RESOL"", ""O-Sag T2 frFSE S"", ""Sag T2 FSE"", ""Ax T1 FSE estricto"", ""AX T2 FSE + FS"", ""AX T2 frFSE FAT SAT"", ""SAG FSE T2"", ""AX T2"", ""Ax FSE T1"", ""COR T2 SSFSE BH"", ""COR FSE T1"", ""Ax T2 FSE RT( SI NO COLABORA)ABD-PELV."", ""AX T1 FSE FS +CTE"", ""Cor frFSE T2"", ""opcional Ax T2 Fse t2  + fat sat"", ""Ax T2 FRFSE OBLICUO"", ""AX SSFSE T2"", ""b.1 Ax T2 FSE"", ""Cor T2 SSFSE"", ""Ssfse"", ""Ax T1+GD FSE"", ""FL:F/Ax T1 FSE PELVIS"", ""Sag T2 FSE ALTA RESOL"", ""SAG SSFSE"", ""COR  FSE T2"", ""Ax T2 FATSAT  FRFSE"", ""Sag T2 FRFSE"", ""AX T2 FRFSE"", ""Ax T2 frFSE PELVIS"", ""Ax T2 FRFSE RTr"", ""cor  T2 SSFSE"", ""Ax SSFSE"", ""PU:Sag T2 frFSE"", ""TRA T2 SSFSE BH"", ""Sag frFSE T2"", ""SAGITAL SSFSE T2"", ""Sag T2 FRFSE PELVIS"", ""Axial FSE T2"", ""Ax T2 frFSE estricto"", ""Ax T2 Fse"", ""SAG  T2 SSFSE"", ""Cor T2 SSFSE BH"", ""SAGITAL T2 frFSE"", ""AX T1 FSE FS"", ""AX  FSE T2 FAT SAT PELVIS"", ""ax T2"", ""Ax T2 FRFSE RTr FatSAT"", ""sag T2 SSFSE BH"", ""SAGITAL FRFSE T2"", ""AX T2 FRFSE HR"", ""COR T2 frFSE"", ""Ax T1 FSE pelvis"", ""Ax frFSE T2"", ""Ax T2 FSE HD"", ""AXIAL FSE T2"", ""FL:A/Cor T2 FRFSE"", ""Ax T1  FSE G"", ""SagT2 FSE"", ""sag SSFSE"", ""Ax T2 Fse t2 FATSAT"", ""Cor T2 FRFSE PELVIS"", ""Cor T2 FSE"", ""Ax T1 FSE(desde ri\u00f1ones a pelvis)"", ""Cor T2 FSE ARC"", ""O-Ax T2 FRFSE S"", ""sag T2 FSE"", ""FL:U/Ax T2 FSE"", ""Sag T2 frFSE estricto"", ""Ax T2 frFSE pelvis"", ""SAGITAL SSFSE"", ""SAG T2 SSFSE BH"", ""Cor T2 FRFSE"", ""Sag T1 FSE"", ""coro SSFSE T2"", ""COR T2 FRFSE"", ""COR T1 FSE"", ""COR frFSE T2"", ""SAG  T2 FSE"", ""cor. FSE T1"", ""COR T1 FSE pene"", ""Ax  Fse t1"", ""Cor T2 FRFSE AMPLIO"", ""sagT2 FSE"", ""sag  SSFSE T2"", ""AXIAL T1  FSE estricto"", ""Sag T2 frFSE"", ""sag T2 FRFSE"", ""AX SSFSE"", ""Ax T2"", ""ax T2 frFSE bloque"", ""FL:U/Sag T2 FSE"", ""Ax T1  FSE"", ""Ax T1 FSE PELVIS"", ""Cor SSFSE ARC"", ""SAG  T2 SSFSE BH"", ""SAG T1+GD FATSAT FSE"", ""Ax T1 FSE"", ""cor T1 FSE fs +c"", ""SAGT2 FSE"", ""Ax T2 frFSE pelvis 40 cortes"", ""sag ssfse"", ""SAG SSFSE ARC"", ""FL:G/Sag T2 FSE"", ""Ax FSE T2"", ""Cor T2 FRFSE FOV AMPLIO"", ""Cor T2 FSE - Large"", ""AX FSE T2 PELVIS"", ""PU:Ax T2 frFSE"", ""COR SSFSE"", ""SAG T2 FRFSE"", ""Ax T2 Fse t2  PELVIS"", ""SAG  T2 frFSE"", ""Cor FSE IR"", ""Cor T2 frFSE"", ""T2/TSE/SAG"", ""T2/TSE/COR"", ""SSFSE  SAGITAL"", ""AX T1 FSE"", ""Ax T2 Fse t2 + FAT SAT"", ""Ax T1 FSE PELVIS+GD"", ""AX SSFSE ARC"", ""Cor T2 FSE  + fat sat"", ""AX FSE T2"", ""cor SSFSE T2"", ""COR T2 FSE"", ""COR SSFSE T2"", ""SAG T2 FSE"", ""ax T2 frFSE estricto"", ""AXIAL SSFSE T2"", ""Ax T2 SSFSE BH"", ""Cor T1 FSE"", ""AXI SSFSE T2"", ""ax T2 frFSE"", ""Axial  T2 FSE"", ""FL:B/Ax T2 FSE"", ""Ax FSE T1 PELVIS""]"
T2w	fse						anat	"[""SIEMENS""]"	"[""Sonata"", ""SymphonyTim"", ""Symphony""]"	"[""SE""]"	"[[""SK"", ""SP"", ""OSP""], [""SP"", ""OSP""]]"	"[-1, ""SAT1"", ""SAT2""]"	"[""*tseBR2d1_20"", ""*se2d1"", ""*tse2d1_15"", ""*tse2d1_17""]"	"[[""ORIGINAL"", ""PRIMARY"", ""M"", ""NORM"", ""DIS2D""], [""ORIGINAL"", ""PRIMARY"", ""M"", ""ND"", ""NORM""]]"	"[""N""]"	[1.5, 1.5]	[533.0, 7390.0]	[-1, -1]	[90.0, 150.0]	[18.0, 126.0]	[1.0, 3.0]	[-1, -1]	[-1, -1]	[-1, -1]	[-1, -1]	"[""COR TSET2 ALTA R"", ""CORONAL T2 HR TSE"", ""AX T2"", ""t2_tse_tra"", ""AXIAL TSE T1""]"
T2w	fse						anat	"[""Siemens""]"	"[""MAGNETOM Vida""]"	"[""SE""]"	"[[""SP"", ""SK""]]"	"[[""PFP"", ""CG"", ""RG"", ""PER""], [""SP"", ""PFP"", ""CG"", ""RG"", ""PER""], [""CG"", ""RG"", ""PER""], [""SP"", ""CG"", ""RG"", ""PER""]]"	"[""*tse2d1_15"", ""*tse2d1_17"", ""*tseB2d1_25"", ""*tse2d1_25"", ""*tse2d1_3"", ""*tse2d1_5"", ""*qtse2d1_15""]"	"[[""ORIGINAL"", ""PRIMARY"", ""M"", ""NORM"", ""DIS2D"", ""SH4_3"", ""FIL"", ""MFSPLIT""], [""ORIGINAL"", ""PRIMARY"", ""M"", ""NORM"", ""DIS2D"", ""SH"", ""FIL"", ""MFSPLIT""], [""ORIGINAL"", ""PRIMARY"", ""M"", ""NORM"", ""DIS2D"", ""FM"", ""FIL"", ""MFSPLIT""], [""ORIGINAL"", ""PRIMARY"", ""M"", ""NORM"", ""DIS2D"", ""FM2_1"", ""FIL"", ""MFSPLIT""], [""ORIGINAL"", ""PRIMARY"", ""M"", ""DIS2D"", ""NORM"", ""MFSPLIT""], [""ORIGINAL"", ""PRIMARY"", ""M"", ""NORM"", ""DIS2D"", ""FM2_2"", ""FIL"", ""MFSPLIT""], [""ORIGINAL"", ""PRIMARY"", ""M"", ""NORM"", ""DIS2D"", ""MFSPLIT""]]"	"[""N""]"	[3.0, 3.0]	[550.0, 9880.0]	[-1, -1]	[120.0, 160.0]	[9.1, 129.0]	[1.0, 5.0]	[-1, -1]	[-1, -1]	[-1, -1]	[-1, -1]	"[""t2_qtse_tra"", ""t2_tse_cor"", ""AXIAL T2 TSE ADENOPATIAS"", ""CORONAL T1 TSE"", ""t2_tse_tra_p2_384 ESTRICTO"", ""t2_tse_tra"", ""SAGITAL T2 TSE"", ""t2_tse_sag"", ""t2_tse_sag_p2"", ""t2_tse_tra_p2_384"", ""t2_tse_SAG_p2_384"", ""COR T2 TSE"", ""t1_tse_tra"", ""CORONAL T2 TSE"", ""AXIAL T2 TSE"", ""t2_tse_cor_p2_384"", ""t2_tse_sag_p2_384"", ""SAG T2 TSE"", ""t2_tse_cor_p2""]"
T2w	fse						anat	"[""Philips Medical Systems""]"	"[""Achieva"", ""Ingenia"", ""Multiva"", ""Achieva dStream"", ""Panorama HFO"", ""Intera""]"	"[""SE""]"	"[""SK"", ""OSP""]"	"[-1, ""FC"", ""OTHER"", ""SP"", ""PFP""]"	[-1]	"[[""ORIGINAL"", ""PRIMARY"", ""M_SE"", ""M"", ""SE""]]"	[-1]	[1.0, 3.0]	[394.819702148437, 8362.2392578125]	[-1, -1]	[90.0, 90.0]	[8.0, 125.0]	[1.0, 8.0]	[-1, -1]	[-1, -1]	[-1, -1]	[-1, -1]	"[""T2W_TSE_Cor_BH"", ""T2W_TSE_HR"", ""T2W_TSE_AXIAL"", ""T2W_TSE_TRA"", ""T2W_TSE_COR"", ""COR T1 TSE"", ""T2W_TSE_Cor"", ""T1W_TSE_Tra"", ""COR T2 TSE"", ""T1W_TSE"", ""T2W_TSE"", ""T2/TSE/SAG"", ""T1W_TSE_TRA"", ""T2W_TSE_AXI"", ""T2/TSE/COR"", ""T2W_TSE_ax"", ""T2W_TSE_cor"", ""T2W_TSE_Tra"", ""T2W_TSE_AX."", ""T2W_TSE_sag"", ""T2W_TSE_SAG"", ""T2W_TSE_sag_HR"", ""T2W_TSE_AX"", ""T2W_TSE_"", ""GD/T1W_TSE_TRA""]"
T2w	fse						anat	"[""Philips""]"	"[-1, ""Ingenia CX"", ""Ingenia"", ""Multiva"", ""Prodiva CS""]"	"[-1, ""SE""]"	"[-1, ""SK""]"	"[""PFP"", ""SP"", ""OTHER"", -1]"	[-1]	"[[""ORIGINAL"", ""PRIMARY"", ""M_SE"", ""M"", ""SE""], [""DERIVED"", ""SECONDARY""]]"	[-1]	[1.5, 1.5]	[450.0, 19749.953125]	[-1, -1]	[90.0, 90.0]	[12.0, 120.0]	[1.0, 3.0]	[-1, -1]	[-1, -1]	[-1, -1]	[-1, -1]	"[""SSH T2W_TSE_COR_IQ"", ""T1W_TSE_TRA PELVIS_IQ"", ""CS-T2W_TSE_COR_IQ"", ""T2W_TSE_TRA_CS"", ""T2W_TSE_TRA"", ""T1W_TSE_TRA PELVIS_gd"", ""T2W_TSE_COR"", ""T2W_TSE_COR_IQ"", ""SSH T2W_TSE_SAG_IQ"", ""T1W_TSE_TRA PELVIS_GD"", ""csT1W_TSE_TRA PELVIS_IQ"", ""T2W_TSE_TRA_IQ"", ""T2W_TSE_ax"", ""csT2W_TSE_TRA_IQ"", ""CS-T2W_TSE_TRA"", ""WIP T2W_TSE_TRA_IQ"", ""T2W_TSE_SAG_CS"", ""eT2W_TSE_SAG_IQ"", ""T1W_TSE_PELVIS_IQ"", ""T2W_TSE_sag"", ""csT2W_TSE_SAG_IQ"", ""T2W_TSE_SAG_IQ"", ""T2W_TSE_SAG"", ""T2W_TSE_COR_CS"", ""csT2W_TSE_COR_IQ"", ""SSH T2W_TSE_TRA_IQ"", ""T2W_TSE_AX_IQ""]"
T2w	fse						anat	"[""Siemens HealthCare GmbH""]"	"[""MAGNETOM Vida""]"	"[""SE""]"	"[[""SP"", ""SK""]]"	"[[""PFP"", ""PER""], ""PER"", [""SP"", ""PER""]]"	"[""*tse2d1_25"", ""*tseR2d1rr23""]"	"[[""ORIGINAL"", ""PRIMARY"", ""M"", ""NORM"", ""DIS2D"", ""FM3_2"", ""FIL"", ""MFSPLIT""], [""ORIGINAL"", ""PRIMARY"", ""M"", ""NORM"", ""DIS2D"", ""MFSPLIT""]]"	"[""N""]"	[3.0, 3.0]	[2900.0, 10450.0]	[-1, -1]	[128.0, 160.0]	[96.0, 114.0]	[1.0, 5.0]	[-1, -1]	[-1, -1]	[-1, -1]	[-1, -1]	"[""t2_tse_COR_p2_384"", ""t2_tse_cor_p2_384"", ""t2_tse_sag_p2_384"", ""t2_tse_tra_p2_384 ESTRICTO"", ""t2_tse_sag"", ""t2_tse_tra_p2_384""]"
